Primer_combo,PlateID,Well,Column,Species,Lineage,Ploidy,SID,Individual,Genome,Genome with copy number,Primer,CopiesPer20ul,DF,nucPer20ul,copiesPerNuc,Positive_droplets,Negative_droplets,Accepted_droplets,Percentage_positives,copiesPerNucAdjusted
PC2,PC2_run1,C09,9,thaliana,2X,2,C2X_11_clpP,C2X_11,pt,pt-1x,clpP,3400,200,4120,165.0485437,1953,12524,14477,0.13490364,82.52427185
PC2,PC2_run2,C02,2,thaliana,2X,2,C2X_16_clpP,C2X_16,pt,pt-1x,clpP,1432,200,2130,134.4600939,965,15376,16341,0.059053913,67.23004695
PC2,PC2_run2,G05,5,thaliana,2X,2,C2X_15_clpP,C2X_15,pt,pt-1x,clpP,3360,200,3290,204.2553191,1830,11890,13720,0.133381924,102.1276596
PC2,PC2_run3,C02,2,thaliana,2X,2,C2X_10_clpP,C2X_10,pt,pt-1x,clpP,3440,200,3860,178.238342,1842,11683,13525,0.136192237,89.119171
PC2,PC2_run3,G05,5,thaliana,2X,2,C2X_17_clpP,C2X_17,pt,pt-1x,clpP,2520,200,1970,255.8375635,1257,11153,12410,0.101289283,127.9187818
PC2,PC2_run4,C02,2,thaliana,2X,2,C2X_14_clpP,C2X_14,pt,pt-1x,clpP,1374,200,1890,145.3968254,792,13163,13955,0.056753852,72.6984127
PC2,PC2_run4,G05,5,thaliana,2X,2,C2X_02_clpP,C2X_02,pt,pt-1x,clpP,4120,200,4520,182.300885,1990,10385,12375,0.160808081,91.1504425
PC2,PC2_run5,C02,2,thaliana,2X,2,C2X_12_clpP,C2X_12,pt,pt-1x,clpP,2460,200,3720,132.2580645,1310,11931,13241,0.098935126,66.12903225
PC2,PC2_run5,G05,5,thaliana,2X,2,C2X_13_clpP,C2X_13,pt,pt-1x,clpP,2560,200,3020,169.5364238,1350,11732,13082,0.10319523,84.7682119
PC2,PC2_run6,C09,9,thaliana,2X,2,C2X_18_clpP,C2X_18,pt,pt-1x,clpP,4100,200,2750,298.1818182,2367,12406,14773,0.160224734,149.0909091
PC2,PC2_run1,D09,9,thaliana,2X,2,C2X_11_ndhB,C2X_11,pt,pt-2x,ndhB,6580,200,4120,159.7087379,3471,10745,14216,0.244161508,79.85436895
PC2,PC2_run2,D02,2,thaliana,2X,2,C2X_16_ndhB,C2X_16,pt,pt-2x,ndhB,2960,200,2130,138.9671362,1898,14196,16094,0.117932149,69.4835681
PC2,PC2_run2,H05,5,thaliana,2X,2,C2X_15_ndhB,C2X_15,pt,pt-2x,ndhB,6280,200,3290,190.881459,3088,10092,13180,0.234294385,95.4407295
PC2,PC2_run3,D02,2,thaliana,2X,2,C2X_10_ndhB,C2X_10,pt,pt-2x,ndhB,6800,200,3860,176.1658031,3428,10246,13674,0.250694749,88.08290155
PC2,PC2_run3,H05,5,thaliana,2X,2,C2X_17_ndhB,C2X_17,pt,pt-2x,ndhB,4620,200,1970,234.5177665,1934,8916,10850,0.178248848,117.2588833
PC2,PC2_run4,D02,2,thaliana,2X,2,C2X_14_ndhB,C2X_14,pt,pt-2x,ndhB,2740,200,1890,144.973545,1520,12295,13815,0.110025335,72.4867725
PC2,PC2_run4,H05,5,thaliana,2X,2,C2X_02_ndhB,C2X_02,pt,pt-2x,ndhB,8220,200,4520,181.8584071,3532,8453,11985,0.29470171,90.92920355
PC2,PC2_run5,D02,2,thaliana,2X,2,C2X_12_ndhB,C2X_12,pt,pt-2x,ndhB,4800,200,3720,129.0322581,2520,11146,13666,0.184399239,64.51612905
PC2,PC2_run5,H05,5,thaliana,2X,2,C2X_13_ndhB,C2X_13,pt,pt-2x,ndhB,5340,200,3020,176.8211921,2526,9902,12428,0.203250724,88.41059605
PC2,PC2_run6,D09,9,thaliana,2X,2,C2X_18_ndhB,C2X_18,pt,pt-2x,ndhB,8260,200,2750,300.3636364,4117,9800,13917,0.29582525,150.1818182
PC3,PC3_run1,D09,9,thaliana,2X,2,C2X_02_ndhH,C2X_02,pt,pt-1x,ndhH,4580,200,5050,181.3861386,2512,11717,14229,0.176540867,90.6930693
PC3,PC3_run2,D02,2,thaliana,2X,2,C2X_17_ndhH,C2X_17,pt,pt-1x,ndhH,2700,200,1910,282.7225131,1502,12364,13866,0.108322516,141.3612566
PC3,PC3_run3,D02,2,thaliana,2X,2,C2X_13_ndhH,C2X_13,pt,pt-1x,ndhH,2780,200,3040,182.8947368,1610,12809,14419,0.111658229,91.4473684
PC3,PC3_run3,H05,5,thaliana,2X,2,C2X_11_ndhH,C2X_11,pt,pt-1x,ndhH,3340,200,3700,180.5405405,1336,8768,10104,0.132224861,90.27027025
PC3,PC3_run4,D02,2,thaliana,2X,2,C2X_10_ndhH,C2X_10,pt,pt-1x,ndhH,3940,200,3670,214.7138965,2388,13076,15464,0.154423176,107.3569483
PC3,PC3_run4,H05,5,thaliana,2X,2,C2X_18_ndhH,C2X_18,pt,pt-1x,ndhH,4680,200,3080,303.8961039,2339,10639,12978,0.180228078,151.948052
PC3,PC3_run5,D02,2,thaliana,2X,2,C2X_12_ndhH,C2X_12,pt,pt-1x,ndhH,2500,200,3650,136.9863014,1260,11265,12525,0.100598802,68.4931507
PC3,PC3_run5,H05,5,thaliana,2X,2,C2X_14_ndhH,C2X_14,pt,pt-1x,ndhH,1420,200,2010,141.2935323,777,12492,13269,0.05855754,70.64676615
PC3,PC3_run6,D09,9,thaliana,2X,2,C2X_16_ndhH,C2X_16,pt,pt-1x,ndhH,1674,200,2470,135.5465587,1110,15045,16155,0.068709378,67.77327935
PC3,Redo_run1,H10,10,thaliana,2X,2,C2X_15_ndhH,C2X_15,pt,pt-1x,ndhH,3420,200,3510,194.8717949,2175,13935,16110,0.135009311,97.43589745
PC1,PC1_run1,D05,5,thaliana,2X,2,C2X_10_psaA,C2X_10,pt,Pt,psaA,6380,200,5900,216.2711864,3252,10425,13677,0.237771441,108.1355932
PC1,PC1_run2,D02,2,thaliana,2X,2,C2X_18_psaA,C2x_18,pt,Pt,psaA,7300,200,4530,322.2958057,3465,9521,12986,0.266825812,161.1479029
PC1,PC1_run2,H05,5,thaliana,2X,2,C2X_14_psaA,C2X_14,pt,Pt,psaA,2680,200,3530,151.8413598,1279,10597,11876,0.107696194,75.9206799
PC1,PC1_run3,D02,2,thaliana,2X,2,C2X_11_psaA,C2X_11,pt,Pt,psaA,5600,200,6200,180.6451613,2806,10458,13264,0.21155006,90.32258065
PC1,PC1_run3,H05,5,thaliana,2X,2,C2X_12_psaA,C2X_12,pt,Pt,psaA,4480,200,6570,136.3774734,2018,9606,11624,0.173606332,68.1887367
PC1,PC1_run4,D02,2,thaliana,2X,2,C2X_17_psaA,C2X_17,pt,Pt,psaA,2300,200,2080,221.1538462,1365,13298,14663,0.093091455,110.5769231
PC1,PC1_run4,H05,5,thaliana,2X,2,C2X_16_psaA,C2X_16,pt,Pt,psaA,1578,200,2320,136.0344828,949,13687,14636,0.06484012,68.0172414
PC1,PC1_run5,D02,2,thaliana,2X,2,C2X_02_psaA,C2X_02,pt,Pt,psaA,6360,200,8240,154.368932,3633,11723,15356,0.236585048,77.184466
PC1,PC1_run5,H05,5,thaliana,2X,2,C2X_15_psaA,C2X_15,pt,Pt,psaA,3360,200,3360,200,1835,11937,13772,0.133241359,100
PC1,PC1_run6,D09,9,thaliana,2X,2,C2X_13_psaA,C2X_13,pt,Pt,psaA,4700,200,5110,183.9530333,1559,7059,8618,0.180900441,91.97651665
PC2,PC2_run1,G09,9,thaliana,4X,4,C4X_16_clpP,C4X_16,pt,pt-1x,clpP,2114,200,1115,379.1928251,1240,13195,14435,0.085902321,94.79820628
PC2,PC2_run2,G02,2,thaliana,4X,4,C4X_18_clpP,C4X_18,pt,pt-1x,clpP,1680,200,840,400,993,13425,14418,0.068872243,100
PC2,PC2_run2,C06,6,thaliana,4X,4,C4X_09_clpP,C4X_09,pt,pt-1x,clpP,1654,200,855,386.9005848,1049,14407,15456,0.067870083,96.7251462
PC2,PC2_run3,C06,6,thaliana,4X,4,C4X_13_clpP,C4X_13,pt,pt-1x,clpP,1840,200,1050,350.4761905,1138,13991,15129,0.075219777,87.61904763
PC2,PC2_run4,C06,6,thaliana,4X,4,C4X_07_clpP,C4X_07,pt,pt-1x,clpP,1492,200,880,339.0909091,904,13809,14713,0.061442262,84.77272728
PC2,PC2_run5,G02,2,thaliana,4X,4,C4X_17_clpP,C4X_17,pt,pt-1x,clpP,1676,200,735,456.0544218,786,10649,11435,0.068736336,114.0136055
PC2,PC2_run5,C06,6,thaliana,4X,4,C4X_15_clpP,C4X_15,pt,pt-1x,clpP,2326,200,955,487.1204188,1205,11600,12805,0.094103866,121.7801047
PC2,PC2_run6,G09,9,thaliana,4X,4,C4X_02_clpP,C4X_02,pt,pt-1x,clpP,1622,200,995,326.0301508,1006,14089,15095,0.066644584,81.5075377
PC2,Redo_run2,G09,9,thaliana,4X,4,C4X_10_clpP,C4X_10,pt,pt-1x,clpP,2294,200,930,493.3333333,1403,13695,15098,0.092926215,123.3333333
PC2,Redo_run5,C08,8,thaliana,4X,4,C4X_08_clpP,C4X_08,pt,pt-1x,clpP,1274,200,1300,196,762,13697,14459,0.05270074,49
PC2,PC2_run1,H09,9,thaliana,4X,4,C4X_16_ndhB,C4X_16,pt,pt-2x,ndhB,4220,200,1115,378.4753363,2302,11741,14043,0.163925087,94.61883408
PC2,PC2_run2,H02,2,thaliana,4X,4,C4X_18_ndhB,C4X_18,pt,pt-2x,ndhB,3000,200,840,357.1428572,1935,14249,16184,0.119562531,89.2857143
PC2,PC2_run2,D06,6,thaliana,4X,4,C4X_09_ndhB,C4X_09,pt,pt-2x,ndhB,3160,200,855,369.5906433,1784,12407,14191,0.12571348,92.39766083
PC2,PC2_run3,D06,6,thaliana,4X,4,C4X_13_ndhB,C4X_13,pt,pt-2x,ndhB,3440,200,1050,327.6190476,1948,12386,14334,0.135900656,81.9047619
PC2,PC2_run4,D06,6,thaliana,4X,4,C4X_07_ndhB,C4X_07,pt,pt-2x,ndhB,3040,200,880,345.4545455,1807,13089,14896,0.121307734,86.36363638
PC2,PC2_run5,H02,2,thaliana,4X,4,C4X_17_ndhB,C4X_17,pt,pt-2x,ndhB,4600,200,735,625.85034,2710,12537,15247,0.177739883,156.462585
PC2,PC2_run5,D06,6,thaliana,4X,4,C4X_15_ndhB,C4X_15,pt,pt-2x,ndhB,4860,200,955,508.9005235,2493,10861,13354,0.186685637,127.2251309
PC2,PC2_run6,H09,9,thaliana,4X,4,C4X_02_ndhB,C4X_02,pt,pt-2x,ndhB,3180,200,995,319.59799,1911,13174,15085,0.126682135,79.8994975
PC2,Redo_run2,H09,9,thaliana,4X,4,C4X_10_ndhB,C4X_10,pt,pt-2x,ndhB,4460,200,930,479.5698925,2642,12656,15298,0.172702314,119.8924731
PC2,Redo_run5,D08,8,thaliana,4X,4,C4X_08_ndhB,C4X_08,pt,pt-2x,ndhB,2660,200,1300,204.6153846,1470,12303,13773,0.10673056,51.15384615
PC3,PC3_run1,H09,9,thaliana,4X,4,C4X_09_ndhH,C4X_09,pt,pt-1x,ndhH,1948,200,900,432.8888889,1112,12882,13994,0.079462627,108.2222222
PC3,PC3_run2,D06,6,thaliana,4X,4,C4X_18_ndhH,C4X_18,pt,pt-1x,ndhH,1614,200,810,398.5185185,902,12704,13606,0.066294282,99.62962963
PC3,PC3_run3,H02,2,thaliana,4X,4,C4X_10_ndhH,C4X_10,pt,pt-1x,ndhH,2218,200,920,482.173913,1231,12457,13688,0.089932788,120.5434783
PC3,PC3_run3,D06,6,thaliana,4X,4,C4X_16_ndhH,C4X_16,pt,pt-1x,ndhH,1918,200,980,391.4285714,914,10761,11675,0.078286938,97.85714285
PC3,PC3_run4,D06,6,thaliana,4X,4,C4X_07_ndhH,C4X_07,pt,pt-1x,ndhH,1596,200,1155,276.3636364,1039,14813,15852,0.06554378,69.0909091
PC3,PC3_run5,H02,2,thaliana,4X,4,C4X_02_ndhH,C4X_02,pt,pt-1x,ndhH,1380,200,1015,271.9211823,717,11874,12591,0.056945437,67.98029558
PC3,PC3_run5,D06,6,thaliana,4X,4,C4X_17_ndhH,C4X_17,pt,pt-1x,ndhH,2600,200,1000,520,1648,14104,15752,0.104621635,130
PC3,PC3_run6,H09,9,thaliana,4X,4,C4X_13_ndhH,C4X_13,pt,pt-1x,ndhH,1970,200,995,395.9798995,1231,14089,15320,0.08035248,98.99497488
PC3,Redo_run4,D08,8,thaliana,4X,4,C4X_08_ndhH,C4X_08,pt,pt-1x,ndhH,1384,200,1110,249.3693694,758,12506,13264,0.057147165,62.34234235
PC3,Redo_run4,H08,8,thaliana,4X,4,C4X_15_ndhH,C4X_15,pt,pt-1x,ndhH,2960,200,965,613.4715026,1690,12577,14267,0.118455176,153.3678757
PC1,PC1_run1,H05,5,thaliana,4X,4,C4X_15_psaA,C4X_15,pt,Pt,psaA,2640,200,940,561.7021277,1438,12082,13520,0.106360947,140.4255319
PC1,PC1_run2,H02,2,thaliana,4X,4,C4X_13_psaA,C4X_13,pt,Pt,psaA,2160,200,985,438.5786802,1110,11561,12671,0.08760161,109.6446701
PC1,PC1_run2,D06,6,thaliana,4X,4,C4X_10_psaA,C4X_10,pt,Pt,psaA,2280,200,945,482.5396825,1112,10905,12017,0.092535575,120.6349206
PC1,PC1_run3,H02,2,thaliana,4X,4,C4X_02_psaA,C4X_02,pt,Pt,psaA,3080,200,1050,586.6666667,1687,12044,13731,0.12286068,146.6666667
PC1,PC1_run3,D06,6,thaliana,4X,4,C4X_17_psaA,C4X_17,pt,Pt,psaA,2280,200,910,501.0989011,1116,11017,12133,0.091980549,125.2747253
PC1,PC1_run4,D06,6,thaliana,4X,4,C4X_18_psaA,C4X_18,pt,Pt,psaA,1876,200,890,421.5730337,1135,13673,14808,0.076647758,105.3932584
PC1,PC1_run5,H02,2,thaliana,4X,4,C4X_16_psaA,C4X_16,pt,Pt,psaA,1868,200,1015,368.0788177,1134,13722,14856,0.076332795,92.01970443
PC1,PC1_run5,D06,6,thaliana,4X,4,C4X_07_psaA,C4X_07,pt,Pt,psaA,1582,200,770,410.9090909,894,12847,13741,0.065060767,102.7272727
PC1,PC1_run6,H09,9,thaliana,4X,4,C4X_09_psaA,C4X_09,pt,Pt,psaA,1730,200,990,349.4949495,911,11939,12850,0.070894942,87.37373738
PC1,Redo_run3,H10,10,thaliana,4X,4,C4X_08_psaA,C4X_08,pt,pt-1x,psaA,1458,200,1135,256.9162996,913,14292,15205,0.060046037,64.2290749
PC2,PC2_run2,G06,6,thaliana,8X,8,C8X_12_clpP,C8X_12,pt,pt-1x,clpP,1176,200,435,540.6896552,657,12826,13483,0.048728028,67.5862069
PC2,PC2_run3,C03,3,thaliana,8X,8,C8X_07_clpP,C8X_07,pt,pt-1x,clpP,1238,200,520,476.1538462,725,13413,14138,0.051280238,59.51923078
PC2,PC2_run3,G06,6,thaliana,8X,8,C8X_16_clpP,C8X_16,pt,pt-1x,clpP,1484,200,437.5,678.4,722,11088,11810,0.061134632,84.8
PC2,PC2_run4,C03,3,thaliana,8X,8,C8X_14_clpP,C8X_14,pt,pt-1x,clpP,1410,200,405,696.2962963,854,13819,14673,0.05820214,87.03703704
PC2,PC2_run4,G06,6,thaliana,8X,8,C8X_06_clpP,C8X_06,pt,pt-1x,clpP,1548,200,347.5,890.9352518,844,12418,13262,0.063640477,111.3669065
PC2,PC2_run5,G06,6,thaliana,8X,8,C8X_01_clpP,C8X_01,pt,pt-1x,clpP,1624,200,410,792.195122,738,10322,11060,0.066726944,99.02439025
PC2,PC2_run6,C10,10,thaliana,8X,8,C8X_09_clpP,C8X_09,pt,pt-1x,clpP,1716,200,430,798.1395349,1027,13572,14599,0.070347284,99.76744186
PC2,Redo_run5,G08,8,thaliana,8X,8,C8X_02_clpP,C8X_02,pt,pt-1x,clpP,1292,200,417.5,618.9221557,756,13402,14158,0.053397373,77.36526946
PC2,Redo_run5,C09,9,thaliana,8X,8,C8X_10_clpP,C8X_10,pt,pt-1x,clpP,2418,200,500,967.2,1577,14571,16148,0.097659153,120.9
PC2,Redo_run5,G09,9,thaliana,8X,8,C8X_15_clpP,C8X_15,pt,pt-1x,clpP,1426,200,467.5,610.0534759,849,13593,14442,0.058786872,76.25668449
PC2,PC2_run2,H06,6,thaliana,8X,8,C8X_12_ndhB,C8X_12,pt,pt-2x,ndhB,2560,200,435,588.505747,1154,10016,11170,0.103312444,73.56321838
PC2,PC2_run3,D03,3,thaliana,8X,8,C8X_07_ndhB,C8X_07,pt,pt-2x,ndhB,2440,200,520,469.2307693,1304,11933,13237,0.098511747,58.65384616
PC2,PC2_run3,H06,6,thaliana,8X,8,C8X_16_ndhB,C8X_16,pt,pt-2x,ndhB,2600,200,437.5,594.2857145,1300,11136,12436,0.10453522,74.28571431
PC2,PC2_run4,D03,3,thaliana,8X,8,C8X_14_ndhB,C8X_14,pt,pt-2x,ndhB,2720,200,405,671.6049385,1602,13091,14693,0.109031512,83.95061731
PC2,PC2_run4,H06,6,thaliana,8X,8,C8X_06_ndhB,C8X_06,pt,pt-2x,ndhB,3080,200,347.5,886.3309355,1539,11005,12544,0.122688138,110.7913669
PC2,PC2_run5,H06,6,thaliana,8X,8,C8X_01_ndhB,C8X_01,pt,pt-2x,ndhB,2620,200,410,639.02439,1136,9659,10795,0.105233905,79.87804875
PC2,PC2_run6,D10,10,thaliana,8X,8,C8X_09_ndhB,C8X_09,pt,pt-2x,ndhB,3380,200,430,786.0465115,2144,13883,16027,0.133774256,98.25581394
PC2,Redo_run5,H08,8,thaliana,8X,8,C8X_02_ndhB,C8X_02,pt,pt-2x,ndhB,2660,200,417.5,637.1257485,1378,11470,12848,0.107254047,79.64071856
PC2,Redo_run5,D09,9,thaliana,8X,8,C8X_10_ndhB,C8X_10,pt,pt-2x,ndhB,4560,200,500,912,2530,11807,14337,0.176466485,114
PC2,Redo_run5,H09,9,thaliana,8X,8,C8X_15_ndhB,C8X_15,pt,pt-2x,ndhB,2920,200,467.5,624.5989305,1480,11206,12686,0.116664039,78.07486631
PC3,PC3_run1,D10,10,thaliana,8X,8,C8X_07_ndhH,C8X_07,pt,pt-1x,ndhH,1290,200,445,579.7752809,849,15071,15920,0.053329146,72.47191011
PC3,PC3_run2,H06,6,thaliana,8X,8,C8X_09_ndhH,C8X_09,pt,pt-1x,ndhH,1872,200,440,850.9090909,1053,12720,13773,0.076453932,106.3636364
PC3,PC3_run3,D03,3,thaliana,8X,8,C8X_12_ndhH,C8X_12,pt,pt-1x,ndhH,1296,200,447.5,579.2178771,891,15739,16630,0.053577871,72.40223464
PC3,PC3_run3,H06,6,thaliana,8X,8,C8X_01_ndhH,C8X_01,pt,pt-1x,ndhH,1486,200,370,803.2432432,878,13469,14347,0.061197463,100.4054054
PC3,PC3_run4,D03,3,thaliana,8X,8,C8X_16_ndhH,C8X_16,pt,pt-1x,ndhH,1546,200,475,650.9473684,1061,15631,16692,0.063563384,81.36842105
PC3,PC3_run4,H06,6,thaliana,8X,8,C8X_14_ndhH,C8X_14,pt,pt-1x,ndhH,1430,200,700,408.5714286,837,13351,14188,0.058993516,51.07142858
PC3,PC3_run6,D10,10,thaliana,8X,8,C8X_06_ndhH,C8X_06,pt,pt-1x,ndhH,1802,200,530,680,1125,14134,15259,0.073726981,85
PC3,Redo_run4,D09,9,thaliana,8X,8,C8X_02_ndhH,C8X_02,pt,pt-1x,ndhH,1388,200,392.5,707.2611465,822,13534,14356,0.057258289,88.40764331
PC3,Redo_run4,H09,9,thaliana,8X,8,C8X_10_ndhH,C8X_10,pt,pt-1x,ndhH,2528,200,522.5,967.6555024,1417,12489,13906,0.101898461,120.9569378
PC3,Redo_run4,D10,10,thaliana,8X,8,C8X_15_ndhH,C8X_15,pt,pt-1x,ndhH,1536,200,492.5,623.7563452,952,14108,15060,0.063213811,77.96954315
PC1,PC1_run1,D06,6,thaliana,8X,8,C8X_06_psaA,C8X_06,pt,Pt,psaA,1740,200,540,644.4444444,1019,13330,14349,0.071015402,80.55555555
PC1,PC1_run2,D03,3,thaliana,8X,8,C8X_09_psaA,C8X_09,pt,Pt,psaA,1940,200,432.5,897.1098266,1035,12014,13049,0.079316423,112.1387283
PC1,PC1_run3,D03,3,thaliana,8X,8,C8X_12_psaA,C8X_12,pt,Pt,psaA,1420,200,432.5,656.6473988,728,11772,12500,0.05824,82.08092485
PC1,PC1_run4,H06,6,thaliana,8X,8,C8X_16_psaA,C8X_16,pt,Pt,psaA,1548,200,450,688,908,13344,14252,0.063710356,86
PC1,PC1_run5,D03,3,thaliana,8X,8,C8X_07_psaA,C8X_07,pt,Pt,psaA,1346,200,427.5,629.7076023,844,14335,15179,0.055603136,78.71345029
PC1,PC1_run5,H06,6,thaliana,8X,8,C8X_14_psaA,C8X_14,pt,Pt,psaA,1584,200,350,905.1428571,835,11992,12827,0.065097061,113.1428571
PC1,PC1_run6,D10,10,thaliana,8X,8,C8X_01_psaA,C8X_01,pt,Pt,psaA,1642,200,420,781.9047619,904,12514,13418,0.067372187,97.73809524
PC1,Redo_run3,D11,11,thaliana,8X,8,C8X_02_psaA,C8X_02,pt,pt-1x,psaA,1286,200,392.5,655.2866242,874,15563,16437,0.05317272,81.91082803
PC1,Redo_run3,H11,11,thaliana,8X,8,C8X_10_psaA,C8X_10,pt,pt-1x,psaA,2224,200,500,889.6,1463,14763,16226,0.090163934,111.2
PC1,Redo_run3,D12,12,thaliana,8X,8,C8X_15_psaA,C8X_15,pt,pt-1x,psaA,1828,200,482.5,757.7202073,1266,15668,16934,0.074760836,94.71502591