Primer_combo,PlateID,Well,Column,Species,Lineage,Ploidy,SID,Individual,Genome,Genome_w_copynumber,Primer,CopiesPer20ul,DF,nucPer20ul,copiesPerNuc,Positive_droplets,Negative_droplets,Accepted_droplets,Percentage_positives,copiesPerNucAdjusted
PC3,PC3_run1,G10,10,thaliana,2X,2,W2X_11_atp6,W2X_11,mt,mt-2x,atp6,1514,10,1570,4.821656051,897,13492,14389,0.062339287,2.410828026
PC3,PC3_run2,C07,7,thaliana,2X,2,W2X_15_atp6,W2X_15,mt,mt-2x,atp6,1520,10,1630,4.662576687,920,13780,14700,0.062585034,2.331288344
PC3,PC3_run3,G03,3,thaliana,2X,2,W2X_17_atp6,W2X_17,mt,mt-2x,atp6,922,10,1620,2.845679013,535,13379,13914,0.038450482,1.422839507
PC3,PC3_run3,C07,7,thaliana,2X,2,W2X_08_atp6,W2X_08,mt,mt-2x,atp6,1550,10,1227,6.31621842,897,13166,14063,0.063784399,3.15810921
PC3,PC3_run4,G03,3,thaliana,2X,2,W2X_06_atp6,W2X_06,mt,mt-2x,atp6,1106,10,1252,4.416932908,689,14326,15015,0.045887446,2.208466454
PC3,PC3_run4,C07,7,thaliana,2X,2,W2X_03_atp6,W2X_03,mt,mt-2x,atp6,1356,10,1400,4.842857143,917,15465,16382,0.055976071,2.421428572
PC3,PC3_run5,C07,7,thaliana,2X,2,W2X_12_atp6,W2X_12,mt,mt-2x,atp6,1782,10,1530,5.82352941,1135,14432,15567,0.072910644,2.911764705
PC3,PC3_run6,G10,10,thaliana,2X,2,W2X_16_atp6,W2X_16,mt,mt-2x,atp6,1524,10,1390,5.48201439,925,13816,14741,0.062750153,2.741007195
PC3,Redo_run1,G09,9,thaliana,2X,2,W2X_10_atp6,W2X_10,mt,mt-2x,atp6,1794,10,1400,6.407142855,1123,14177,15300,0.073398693,3.203571428
PC3,Redo_run4,G10,10,thaliana,2X,2,W2X_18_atp6,W2X_18,mt,mt-2x,atp6,1072,10,1360,3.941176471,654,14027,14681,0.044547374,1.970588236
PC1,PC1_run1,G06,6,thaliana,2X,2,W2X_12_cox2,W2X_12,mt,Mt,cox2,790,10,1420,5.563380282,406,11891,12297,0.033016183,2.781690141
PC1,PC1_run2,G03,3,thaliana,2X,2,W2X_15_cox2,W2X_15,mt,Mt,cox2,780,10,1660,4.698795181,416,12328,12744,0.032642812,2.349397591
PC1,PC1_run2,C07,7,thaliana,2X,2,W2X_17_cox2,W2X_17,mt,Mt,cox2,474,10,1710,2.771929825,235,11552,11787,0.019937219,1.385964913
PC1,PC1_run3,G03,3,thaliana,2X,2,W2X_11_cox2,W2X_11,mt,Mt,cox2,708,10,1590,4.452830189,371,12141,12512,0.029651535,2.226415095
PC1,PC1_run3,C07,7,thaliana,2X,2,W2X_16_cox2,W2X_16,mt,Mt,cox2,646,10,1460,4.424657534,346,12449,12795,0.027041813,2.212328767
PC1,PC1_run4,C07,7,thaliana,2X,2,W2X_08_cox2,W2X_08,mt,Mt,cox2,728,10,1252,5.814696486,478,15226,15704,0.030438105,2.907348243
PC1,PC1_run5,G03,3,thaliana,2X,2,W2X_03_cox2,W2X_03,mt,Mt,cox2,586,10,1490,3.932885906,344,13622,13966,0.024631247,1.966442953
PC1,PC1_run5,C07,7,thaliana,2X,2,W2X_10_cox2,W2X_10,mt,Mt,cox2,860,10,1290,6.666666667,344,9237,9581,0.035904394,3.333333334
PC1,PC1_run6,G10,10,thaliana,2X,2,W2X_06_cox2,W2X_06,mt,Mt,cox2,456,10,1188,3.838383838,246,12563,12809,0.019205246,1.919191919
PC1,Redo_run3,G12,12,thaliana,2X,2,W2X_18_cox2,W2X_18,mt,mt-1x,cox2,468,10,1368,3.421052632,334,16629,16963,0.019689913,1.710526316
PC3,PC3_run1,F10,10,thaliana,2X,2,W2X_11_nad7,W2X_11,mt,mt-1x,nad7,680,10,1570,4.331210191,402,13693,14095,0.028520752,2.165605096
PC3,PC3_run2,B07,7,thaliana,2X,2,W2X_15_nad7,W2X_15,mt,mt-1x,nad7,714,10,1630,4.380368098,419,13607,14026,0.029873093,2.190184049
PC3,PC3_run3,F03,3,thaliana,2X,2,W2X_17_nad7,W2X_17,mt,mt-1x,nad7,506,10,1620,3.12345679,315,14516,14831,0.021239296,1.561728395
PC3,PC3_run3,B07,7,thaliana,2X,2,W2X_08_nad7,W2X_08,mt,mt-1x,nad7,1146,10,1227,9.339853301,725,14536,15261,0.047506716,4.669926651
PC3,PC3_run4,F03,3,thaliana,2X,2,W2X_06_nad7,W2X_06,mt,mt-1x,nad7,498,10,1252,3.977635783,358,16755,17113,0.020919769,1.988817892
PC3,PC3_run4,B07,7,thaliana,2X,2,W2X_03_nad7,W2X_03,mt,mt-1x,nad7,728,10,1400,5.2,484,15387,15871,0.030495873,2.6
PC3,PC3_run5,B07,7,thaliana,2X,2,W2X_12_nad7,W2X_12,mt,mt-1x,nad7,734,10,1530,4.797385621,480,15135,15615,0.030739673,2.398692811
PC3,PC3_run6,F10,10,thaliana,2X,2,W2X_16_nad7,W2X_16,mt,mt-1x,nad7,686,10,1390,4.935251799,414,13982,14396,0.028757988,2.4676259
PC3,Redo_run1,F09,9,thaliana,2X,2,W2X_10_nad7,W2X_10,mt,mt-1x,nad7,846,10,1400,6.042857143,519,14170,14689,0.035332562,3.021428572
PC3,Redo_run4,F10,10,thaliana,2X,2,W2X_18_nad7,W2X_18,mt,mt-1x,nad7,506,10,1360,3.720588235,307,14131,14438,0.021263333,1.860294118
PC2,PC2_run1,F10,10,thaliana,2X,2,W2X_12_rps12,W2X_12,mt,mt,rps12,896,10,1210,7.404958678,542,13974,14516,0.03733811,3.702479339
PC2,PC2_run2,F03,3,thaliana,2X,2,W2X_16_rps12,W2X_16,mt,mt,rps12,714,10,1208,5.910596026,461,14953,15414,0.029907876,2.955298013
PC2,PC2_run2,B07,7,thaliana,2X,2,W2X_11_rps12,W2X_11,mt,mt,rps12,756,10,1480,5.108108108,476,14563,15039,0.031651041,2.554054054
PC2,PC2_run3,F03,3,thaliana,2X,2,W2X_17_rps12,W2X_17,mt,mt,rps12,568,10,1580,3.594936709,310,12707,13017,0.023815011,1.797468355
PC2,PC2_run3,B07,7,thaliana,2X,2,W2X_08_rps12,W2X_08,mt,mt,rps12,814,10,1340,6.074626866,447,12684,13131,0.034041581,3.037313433
PC2,PC2_run4,F03,3,thaliana,2X,2,W2X_15_rps12,W2X_15,mt,mt,rps12,818,10,1640,4.987804878,462,13048,13510,0.034196891,2.493902439
PC2,PC2_run4,B07,7,thaliana,2X,2,W2X_03_rps12,W2X_03,mt,mt,rps12,634,10,1280,4.953125,395,14472,14867,0.026568911,2.4765625
PC2,PC2_run5,B07,7,thaliana,2X,2,W2X_06_rps12,W2X_06,mt,mt,rps12,550,10,1270,4.330708661,286,12078,12364,0.023131673,2.165354331
PC2,PC2_run6,F10,10,thaliana,2X,2,W2X_10_rps12,W2X_10,mt,mt,rps12,982,10,1251,7.849720224,628,14741,15369,0.040861474,3.924860112
PC2,Redo_run5,B10,10,thaliana,2X,2,W2X_18_rps12,W2X_18,mt,mt,rps12,578,10,1399,4.131522516,383,15420,15803,0.024235905,2.065761258
PC3,PC3_run1,C11,11,thaliana,4X,4,W4X_07_atp6,W4X_07,mt,mt-2x,atp6,764,10,910,4.197802198,475,14403,14878,0.031926334,1.04945055
PC3,PC3_run2,C04,4,thaliana,4X,4,W4X_17_atp6,W4X_17,mt,mt-2x,atp6,2024,10,800,12.65,1081,12029,13110,0.08245614,3.1625
PC3,PC3_run2,G07,7,thaliana,4X,4,W4X_08_atp6,W4X_08,mt,mt-2x,atp6,1736,10,1010,8.594059405,974,12718,13692,0.07113643,2.148514851
PC3,PC3_run3,C04,4,thaliana,4X,4,W4X_03_atp6,W4X_03,mt,mt-2x,atp6,962,10,1030,4.669902913,618,14810,15428,0.040057039,1.167475728
PC3,PC3_run3,G07,7,thaliana,4X,4,W4X_13_atp6,W4X_13,mt,mt-2x,atp6,2560,10,915,13.98907104,1408,12256,13664,0.103044496,3.49726776
PC3,PC3_run4,C04,4,thaliana,4X,4,W4X_16_atp6,W4X_16,mt,mt-2x,atp6,1282,10,890,7.20224719,875,15619,16494,0.053049594,1.800561798
PC3,PC3_run4,G07,7,thaliana,4X,4,W4X_12_atp6,W4X_12,mt,mt-2x,atp6,1002,10,1020,4.911764706,681,15664,16345,0.041664117,1.227941177
PC3,PC3_run5,C04,4,thaliana,4X,4,W4X_02_atp6,W4X_02,mt,mt-2x,atp6,2322,10,1205,9.63485477,1412,13610,15022,0.093995473,2.408713693
PC3,PC3_run5,G07,7,thaliana,4X,4,W4X_10_atp6,W4X_10,mt,mt-2x,atp6,1982,10,1425,6.954385965,1211,13774,14985,0.080814147,1.738596491
PC3,PC3_run6,C11,11,thaliana,4X,4,W4X_06_atp6,W4X_06,mt,mt-2x,atp6,1668,10,850,9.811764705,942,12826,13768,0.068419524,2.452941176
PC1,PC1_run1,C07,7,thaliana,4X,4,W4X_13_cox2,W4X_13,mt,Mt,cox2,1098,10,990,11.09090909,486,10173,10659,0.045595272,2.772727273
PC1,PC1_run2,C04,4,thaliana,4X,4,W4X_17_cox2,W4X_17,mt,Mt,cox2,980,10,735,13.33333333,567,13344,13911,0.040759111,3.333333333
PC1,PC1_run2,G07,7,thaliana,4X,4,W4X_02_cox2,W4X_02,mt,Mt,cox2,1018,10,1080,9.425925926,504,11398,11902,0.042345824,2.356481482
PC1,PC1_run3,C04,4,thaliana,4X,4,W4X_10_cox2,W4X_10,mt,Mt,cox2,918,10,930,9.870967742,504,12661,13165,0.038283327,2.467741936
PC1,PC1_run3,G07,7,thaliana,4X,4,W4X_08_cox2,W4X_08,mt,Mt,cox2,1000,10,890,11.23595506,479,11033,11512,0.041608756,2.808988765
PC1,PC1_run4,C04,4,thaliana,4X,4,W4X_07_cox2,W4X_07,mt,Mt,cox2,590,10,1085,5.437788018,346,13604,13950,0.024802867,1.359447005
PC1,PC1_run4,G07,7,thaliana,4X,4,W4X_16_cox2,W4X_16,mt,Mt,cox2,738,10,865,8.531791908,440,13826,14266,0.030842563,2.132947977
PC1,PC1_run5,C04,4,thaliana,4X,4,W4X_12_cox2,W4X_12,mt,Mt,cox2,554,10,930,5.956989247,350,14711,15061,0.023238829,1.489247312
PC1,PC1_run5,G07,7,thaliana,4X,4,W4X_03_cox2,W4X_03,mt,Mt,cox2,584,10,950,6.147368421,268,10668,10936,0.024506218,1.536842105
PC1,PC1_run6,C11,11,thaliana,4X,4,W4X_06_cox2,W4X_06,mt,Mt,cox2,556,10,815,6.82208589,310,12969,13279,0.023345131,1.705521473
PC3,PC3_run1,B11,11,thaliana,4X,4,W4X_07_nad7,W4X_07,mt,mt-1x,nad7,350,10,910,3.846153846,231,15377,15608,0.014800103,0.961538462
PC3,PC3_run2,B04,4,thaliana,4X,4,W4X_17_nad7,W4X_17,mt,mt-1x,nad7,878,10,800,10.975,499,13131,13630,0.036610418,2.74375
PC3,PC3_run2,F07,7,thaliana,4X,4,W4X_08_nad7,W4X_08,mt,mt-1x,nad7,818,10,1010,8.099009901,462,13067,13529,0.034148865,2.024752475
PC3,PC3_run3,B04,4,thaliana,4X,4,W4X_03_nad7,W4X_03,mt,mt-1x,nad7,448,10,1030,4.349514563,301,15638,15939,0.018884497,1.087378641
PC3,PC3_run3,F07,7,thaliana,4X,4,W4X_13_nad7,W4X_13,mt,mt-1x,nad7,1034,10,915,11.30054645,577,12840,13417,0.043005143,2.825136613
PC3,PC3_run4,B04,4,thaliana,4X,4,W4X_16_nad7,W4X_16,mt,mt-1x,nad7,582,10,890,6.539325843,391,15599,15990,0.024452783,1.634831461
PC3,PC3_run4,F07,7,thaliana,4X,4,W4X_12_nad7,W4X_12,mt,mt-1x,nad7,526,10,1020,5.156862745,317,14020,14337,0.022110623,1.289215686
PC3,PC3_run5,B04,4,thaliana,4X,4,W4X_02_nad7,W4X_02,mt,mt-1x,nad7,962,10,1205,7.98340249,533,12764,13297,0.04008423,1.995850623
PC3,PC3_run5,F07,7,thaliana,4X,4,W4X_10_nad7,W4X_10,mt,mt-1x,nad7,782,10,1425,5.487719298,469,13894,14363,0.032653345,1.371929825
PC3,PC3_run6,B11,11,thaliana,4X,4,W4X_06_nad7,W4X_06,mt,mt-1x,nad7,622,10,850,7.317647059,349,13010,13359,0.02612471,1.829411765
PC2,PC2_run1,B11,11,thaliana,4X,4,W4X_13_rps12,W4X_13,mt,mt,rps12,1282,10,1070,11.98130841,876,15643,16519,0.053029844,2.995327103
PC2,PC2_run2,B04,4,thaliana,4X,4,W4X_16_rps12,W4X_16,mt,mt,rps12,722,10,825,8.751515152,468,15006,15474,0.030244281,2.187878788
PC2,PC2_run2,F07,7,thaliana,4X,4,W4X_17_rps12,W4X_17,mt,mt,rps12,1034,10,975,10.60512821,565,12568,13133,0.043021396,2.651282053
PC2,PC2_run3,B04,4,thaliana,4X,4,W4X_02_rps12,W4X_02,mt,mt,rps12,1044,10,1210,8.628099174,663,14601,15264,0.043435535,2.157024794
PC2,PC2_run3,F07,7,thaliana,4X,4,W4X_03_rps12,W4X_03,mt,mt,rps12,580,10,1020,5.68627451,287,11510,11797,0.024328219,1.421568628
PC2,PC2_run4,B04,4,thaliana,4X,4,W4X_10_rps12,W4X_10,mt,mt,rps12,1010,10,935,10.80213904,676,15426,16102,0.041982362,2.70053476
PC2,PC2_run4,F07,7,thaliana,4X,4,W4X_07_rps12,W4X_07,mt,mt,rps12,434,10,950,4.568421053,214,11475,11689,0.018307811,1.142105263
PC2,PC2_run5,B04,4,thaliana,4X,4,W4X_08_rps12,W4X_08,mt,mt,rps12,1012,10,795,12.72955975,661,15027,15688,0.042134115,3.182389938
PC2,PC2_run5,F07,7,thaliana,4X,4,W4X_12_rps12,W4X_12,mt,mt,rps12,542,10,940,5.765957447,264,11347,11611,0.02273706,1.441489362
PC2,PC2_run6,B11,11,thaliana,4X,4,W4X_06_rps12,W4X_06,mt,mt,rps12,640,10,770,8.311688312,439,15936,16375,0.02680916,2.077922078