Species,Ploidy,SID,Individual,Primer,Genome,Primer Combo,Sampling time,geneCopyNumber,copiesPerNuc,copiesPerNucAdjusted
As-2X,2,As02_T1_S1_PC1_atp6,As02,atp6,Mt,1,1,2,30.35971224,15.17985612
As-2X,2,As03_T1_S1_PC1_atp6,As03,atp6,Mt,1,1,2,38.14814816,19.07407408
As-2X,2,As04_T1_S1_PC1_atp6,As04,atp6,Mt,1,1,2,33.08270678,16.54135339
As-2X,2,As05_T1_S1_PC1_atp6,As05,atp6,Mt,1,1,2,34.86842106,17.43421053
As-2X,2,As06_T1_S1_PC1_atp6,As06,atp6,Mt,1,1,2,32.0754717,16.03773585
As-2X,2,As07_T1_S1_PC1_atp6,As07,atp6,Mt,1,1,2,39.83333334,19.91666667
As-2X,2,As08_T1_S1_PC1_atp6,As08,atp6,Mt,1,1,2,32.72727274,16.36363637
As-2X,2,As09_T1_S1_PC1_atp6,As09,atp6,Mt,1,1,2,16.23762376,8.11881188
As-2X,2,As14_T1_S1_PC1_atp6,As14,atp6,Mt,1,1,2,36.22047244,18.11023622
As-2X,2,As16_T1_S1_PC1_atp6,As16,atp6,Mt,1,1,2,43.16666668,21.58333334
Ta-6X,6,Ta01_T1_S1_PC1_atp6,Ta01,atp6,Mt,1,1,2,184.2352941,30.70588235
Ta-6X,6,Ta02_T1_S1_PC1_atp6,Ta02,atp6,Mt,1,1,2,141.4285714,23.57142857
Ta-6X,6,Ta03_T1_S1_PC1_atp6,Ta03,atp6,Mt,1,1,2,130.9090909,21.81818182
Ta-6X,6,Ta04_T1_S1_PC1_atp6,Ta04,atp6,Mt,1,1,2,171.4285714,28.57142857
Ta-6X,6,Ta05_T1_S1_PC1_atp6,Ta05,atp6,Mt,1,1,2,136.0305343,22.67175572
Ta-6X,6,Ta06_T1_S1_PC1_atp6,Ta06,atp6,Mt,1,1,2,119.5833333,19.93055555
Ta-6X,6,Ta07_T1_S1_PC1_atp6,Ta07,atp6,Mt,1,1,2,188.3870968,31.39784947
Ta-6X,6,Ta08_T1_S1_PC1_atp6,Ta08,atp6,Mt,1,1,2,123.0769231,20.51282052
Ta-6X,6,Ta09_T1_S1_PC1_atp6,Ta09,atp6,Mt,1,1,2,148.9285714,24.82142857
Ta-6X,6,Ta10_T1_S1_PC1_atp6,Ta10,atp6,Mt,1,1,2,123.4146341,20.56910568
Tt-4X,4,Tt01_T1_S1_PC1_atp6,Tt01,atp6,Mt,1,1,2,152.9896907,38.24742268
Tt-4X,4,Tt02_T1_S1_PC1_atp6,Tt02,atp6,Mt,1,1,2,195.9633028,48.9908257
Tt-4X,4,Tt03_T1_S1_PC1_atp6,Tt03,atp6,Mt,1,1,2,167.4820144,41.8705036
Tt-4X,4,Tt04_T1_S1_PC1_atp6,Tt04,atp6,Mt,1,1,2,126.0714286,31.51785715
Tt-4X,4,Tt05_T1_S1_PC1_atp6,Tt05,atp6,Mt,1,1,2,163.9097744,40.9774436
Tt-4X,4,Tt06_T1_S1_PC1_atp6,Tt06,atp6,Mt,1,1,2,171.1111111,42.77777778
Tt-4X,4,Tt07_T1_S1_PC1_atp6,Tt07,atp6,Mt,1,1,2,156.1403509,39.03508773
Tt-4X,4,Tt08_T1_S1_PC1_atp6,Tt08,atp6,Mt,1,1,2,142.2580645,35.56451613
Tt-4X,4,Tt09_T1_S1_PC1_atp6,Tt09,atp6,Mt,1,1,2,130.4918033,32.62295083
Tt-4X,4,Tt10_T1_S1_PC1_atp6,Tt10,atp6,Mt,1,1,2,156.1290323,39.03225808
Tu-2X,2,Tu01_T1_S1_PC1_atp6,Tu01,atp6,Mt,1,1,2,66.59574468,33.29787234
Tu-2X,2,Tu03_T1_S1_PC1_atp6,Tu03,atp6,Mt,1,1,2,55.63636364,27.81818182
Tu-2X,2,Tu04_T1_S1_PC1_atp6,Tu04,atp6,Mt,1,1,2,45.30973452,22.65486726
Tu-2X,2,Tu06_T1_S1_PC1_atp6,Tu06,atp6,Mt,1,1,2,61.88235294,30.94117647
Tu-2X,2,Tu09_T1_S1_PC1_atp6,Tu09,atp6,Mt,1,1,2,53.62068966,26.81034483
Tu-2X,2,Tu11_T1_S1_PC1_atp6,Tu11,atp6,Mt,1,1,2,77.9710145,38.98550725
Tu-2X,2,Tu12_T1_S1_PC1_atp6,Tu12,atp6,Mt,1,1,2,41.36752138,20.68376069
As-2X,2,As02_T1_S1_PC3_cox2,As02,cox2,Mt,3,1,1,25.68965517,12.84482759
As-2X,2,As03_T1_S1_PC3_cox2,As03,cox2,Mt,3,1,1,34.42424242,17.21212121
As-2X,2,As04_T1_S1_PC3_cox2,As04,cox2,Mt,3,1,1,20.2,10.1
As-2X,2,As05_T1_S1_PC3_cox2,As05,cox2,Mt,3,1,1,40.51851852,20.25925926
As-2X,2,As06_T1_S1_PC3_cox2,As06,cox2,Mt,3,1,1,29.62962963,14.81481482
As-2X,2,As07_T1_S1_PC3_cox2,As07,cox2,Mt,3,1,1,33.53293413,16.76646707
As-2X,2,As08_T1_S1_PC3_cox2,As08,cox2,Mt,3,1,1,29.29577465,14.64788733
As-2X,2,As09_T1_S1_PC3_cox2,As09,cox2,Mt,3,1,1,23.1,11.55
As-2X,2,As14_T1_S1_PC3_cox2,As14,cox2,Mt,3,1,1,28.13953488,14.06976744
As-2X,2,As16_T1_S1_PC3_cox2,As16,cox2,Mt,3,1,1,29.35064935,14.67532468
Ta-6X,6,Ta01_T1_S1_PC3_cox2,Ta01,cox2,Mt,3,1,1,97.19008265,16.19834711
Ta-6X,6,Ta02_T1_S1_PC3_cox2,Ta02,cox2,Mt,3,1,1,120.9230769,20.15384615
Ta-6X,6,Ta03_T1_S1_PC3_cox2,Ta03,cox2,Mt,3,1,1,125.3571429,20.89285715
Ta-6X,6,Ta04_T1_S1_PC3_cox2,Ta04,cox2,Mt,3,1,1,157.4311927,26.23853212
Ta-6X,6,Ta05_T1_S1_PC3_cox2,Ta05,cox2,Mt,3,1,1,126.8571428,21.14285713
Ta-6X,6,Ta06_T1_S1_PC3_cox2,Ta06,cox2,Mt,3,1,1,112.7516778,18.7919463
Ta-6X,6,Ta07_T1_S1_PC3_cox2,Ta07,cox2,Mt,3,1,1,128.3168317,21.38613862
Ta-6X,6,Ta08_T1_S1_PC3_cox2,Ta08,cox2,Mt,3,1,1,101.8487395,16.97478992
Ta-6X,6,Ta09_T1_S1_PC3_cox2,Ta09,cox2,Mt,3,1,1,113.8235294,18.97058823
Ta-6X,6,Ta10_T1_S1_PC3_cox2,Ta10,cox2,Mt,3,1,1,107.2131147,17.86885245
Tt-4X,4,Tt01_T1_S1_PC3_cox2,Tt01,cox2,Mt,3,1,1,119.375,29.84375
Tt-4X,4,Tt02_T1_S1_PC3_cox2,Tt02,cox2,Mt,3,1,1,152.238806,38.0597015
Tt-4X,4,Tt03_T1_S1_PC3_cox2,Tt03,cox2,Mt,3,1,1,148.2208589,37.05521473
Tt-4X,4,Tt04_T1_S1_PC3_cox2,Tt04,cox2,Mt,3,1,1,111.4482759,27.86206898
Tt-4X,4,Tt05_T1_S1_PC3_cox2,Tt05,cox2,Mt,3,1,1,141.1764706,35.29411765
Tt-4X,4,Tt06_T1_S1_PC3_cox2,Tt06,cox2,Mt,3,1,1,115.3623188,28.8405797
Tt-4X,4,Tt07_T1_S1_PC3_cox2,Tt07,cox2,Mt,3,1,1,125.3333333,31.33333333
Tt-4X,4,Tt08_T1_S1_PC3_cox2,Tt08,cox2,Mt,3,1,1,103.9520958,25.98802395
Tt-4X,4,Tt09_T1_S1_PC3_cox2,Tt09,cox2,Mt,3,1,1,114.7540984,28.6885246
Tt-4X,4,Tt10_T1_S1_PC3_cox2,Tt10,cox2,Mt,3,1,1,120.8391608,30.2097902
Tu-2X,2,Tu01_T1_S1_PC3_cox2,Tu01,cox2,Mt,3,1,1,52.3364486,26.1682243
Tu-2X,2,Tu03_T1_S1_PC3_cox2,Tu03,cox2,Mt,3,1,1,42.35294118,21.17647059
Tu-2X,2,Tu04_T1_S1_PC3_cox2,Tu04,cox2,Mt,3,1,1,33.7704918,16.8852459
Tu-2X,2,Tu06_T1_S1_PC3_cox2,Tu06,cox2,Mt,3,1,1,47.01030928,23.50515464
Tu-2X,2,Tu09_T1_S1_PC3_cox2,Tu09,cox2,Mt,3,1,1,47.20720721,23.60360361
Tu-2X,2,Tu11_T1_S1_PC3_cox2,Tu11,cox2,Mt,3,1,1,70.70707071,35.35353536
Tu-2X,2,Tu12_T1_S1_PC3_cox2,Tu12,cox2,Mt,3,1,1,43.04347826,21.52173913
As-2X,2,As02_T1_S1_PC3_nad7,As02,nad7,Mt,3,1,1,27.06896552,13.53448276
As-2X,2,As03_T1_S1_PC3_nad7,As03,nad7,Mt,3,1,1,34.42424242,17.21212121
As-2X,2,As04_T1_S1_PC3_nad7,As04,nad7,Mt,3,1,1,25.8,12.9
As-2X,2,As05_T1_S1_PC3_nad7,As05,nad7,Mt,3,1,1,60,30
As-2X,2,As06_T1_S1_PC3_nad7,As06,nad7,Mt,3,1,1,34.32098765,17.16049383
As-2X,2,As07_T1_S1_PC3_nad7,As07,nad7,Mt,3,1,1,40.95808383,20.47904192
As-2X,2,As08_T1_S1_PC3_nad7,As08,nad7,Mt,3,1,1,26.1971831,13.09859155
As-2X,2,As09_T1_S1_PC3_nad7,As09,nad7,Mt,3,1,1,21.56666667,10.78333334
As-2X,2,As14_T1_S1_PC3_nad7,As14,nad7,Mt,3,1,1,33.8372093,16.91860465
As-2X,2,As16_T1_S1_PC3_nad7,As16,nad7,Mt,3,1,1,38.18181818,19.09090909
Ta-6X,6,Ta01_T1_S1_PC3_nad7,Ta01,nad7,Mt,3,1,1,158.677686,26.446281
Ta-6X,6,Ta02_T1_S1_PC3_nad7,Ta02,nad7,Mt,3,1,1,135.6923077,22.61538462
Ta-6X,6,Ta03_T1_S1_PC3_nad7,Ta03,nad7,Mt,3,1,1,144.6428572,24.10714287
Ta-6X,6,Ta04_T1_S1_PC3_nad7,Ta04,nad7,Mt,3,1,1,184.9541285,30.82568808
Ta-6X,6,Ta05_T1_S1_PC3_nad7,Ta05,nad7,Mt,3,1,1,141.4285714,23.57142857
Ta-6X,6,Ta06_T1_S1_PC3_nad7,Ta06,nad7,Mt,3,1,1,132.885906,22.147651
Ta-6X,6,Ta07_T1_S1_PC3_nad7,Ta07,nad7,Mt,3,1,1,184.1584158,30.6930693
Ta-6X,6,Ta08_T1_S1_PC3_nad7,Ta08,nad7,Mt,3,1,1,120,20
Ta-6X,6,Ta09_T1_S1_PC3_nad7,Ta09,nad7,Mt,3,1,1,130.5882353,21.76470588
Ta-6X,6,Ta10_T1_S1_PC3_nad7,Ta10,nad7,Mt,3,1,1,125.9016393,20.98360655
Tt-4X,4,Tt01_T1_S1_PC3_nad7,Tt01,nad7,Mt,3,1,1,122.5,30.625
Tt-4X,4,Tt02_T1_S1_PC3_nad7,Tt02,nad7,Mt,3,1,1,158.2089552,39.5522388
Tt-4X,4,Tt03_T1_S1_PC3_nad7,Tt03,nad7,Mt,3,1,1,144.2944785,36.07361963
Tt-4X,4,Tt04_T1_S1_PC3_nad7,Tt04,nad7,Mt,3,1,1,97.65517241,24.4137931
Tt-4X,4,Tt05_T1_S1_PC3_nad7,Tt05,nad7,Mt,3,1,1,150,37.5
Tt-4X,4,Tt06_T1_S1_PC3_nad7,Tt06,nad7,Mt,3,1,1,132.173913,33.04347825
Tt-4X,4,Tt07_T1_S1_PC3_nad7,Tt07,nad7,Mt,3,1,1,132,33
Tt-4X,4,Tt08_T1_S1_PC3_nad7,Tt08,nad7,Mt,3,1,1,105.8682635,26.46706588
Tt-4X,4,Tt09_T1_S1_PC3_nad7,Tt09,nad7,Mt,3,1,1,122.6229508,30.6557377
Tt-4X,4,Tt10_T1_S1_PC3_nad7,Tt10,nad7,Mt,3,1,1,126.4335664,31.6083916
Tu-2X,2,Tu01_T1_S1_PC3_nad7,Tu01,nad7,Mt,3,1,1,69.53271028,34.76635514
Tu-2X,2,Tu03_T1_S1_PC3_nad7,Tu03,nad7,Mt,3,1,1,66.66666667,33.33333334
Tu-2X,2,Tu04_T1_S1_PC3_nad7,Tu04,nad7,Mt,3,1,1,43.93442623,21.96721312
Tu-2X,2,Tu06_T1_S1_PC3_nad7,Tu06,nad7,Mt,3,1,1,59.79381443,29.89690722
Tu-2X,2,Tu09_T1_S1_PC3_nad7,Tu09,nad7,Mt,3,1,1,56.93693694,28.46846847
Tu-2X,2,Tu11_T1_S1_PC3_nad7,Tu11,nad7,Mt,3,1,1,88.88888889,44.44444445
Tu-2X,2,Tu12_T1_S1_PC3_nad7,Tu12,nad7,Mt,3,1,1,50,25
As-2X,2,As02_T1_S1_PC2_rps1,As02,rps1,Mt,2,1,1,47.25,23.625
As-2X,2,As03_T1_S1_PC2_rps1,As03,rps1,Mt,2,1,1,45.45454545,22.72727273
As-2X,2,As04_T1_S1_PC2_rps1,As04,rps1,Mt,2,1,1,52.46376812,26.23188406
As-2X,2,As05_T1_S1_PC2_rps1,As05,rps1,Mt,2,1,1,64.56400742,32.28200371
As-2X,2,As06_T1_S1_PC2_rps1,As06,rps1,Mt,2,1,1,48.37209302,24.18604651
As-2X,2,As07_T1_S1_PC2_rps1,As07,rps1,Mt,2,1,1,59.89528796,29.94764398
As-2X,2,As08_T1_S1_PC2_rps1,As08,rps1,Mt,2,1,1,43.45679012,21.72839506
As-2X,2,As09_T1_S1_PC2_rps1,As09,rps1,Mt,2,1,1,41.6374269,20.81871345
As-2X,2,As14_T1_S1_PC2_rps1,As14,rps1,Mt,2,1,1,67.39130435,33.69565218
As-2X,2,As16_T1_S1_PC2_rps1,As16,rps1,Mt,2,1,1,38.57142857,19.28571429
Ta-6X,6,Ta01_T1_S1_PC2_rps1,Ta01,rps1,Mt,2,1,1,170.1149425,28.35249042
Ta-6X,6,Ta02_T1_S1_PC2_rps1,Ta02,rps1,Mt,2,1,1,140.5323194,23.42205323
Ta-6X,6,Ta03_T1_S1_PC2_rps1,Ta03,rps1,Mt,2,1,1,150.4,25.06666667
Ta-6X,6,Ta04_T1_S1_PC2_rps1,Ta04,rps1,Mt,2,1,1,154.2168675,25.70281125
Ta-6X,6,Ta05_T1_S1_PC2_rps1,Ta05,rps1,Mt,2,1,1,140.1290322,23.3548387
Ta-6X,6,Ta06_T1_S1_PC2_rps1,Ta06,rps1,Mt,2,1,1,127.2289157,21.20481928
Ta-6X,6,Ta07_T1_S1_PC2_rps1,Ta07,rps1,Mt,2,1,1,186.6666667,31.11111112
Ta-6X,6,Ta08_T1_S1_PC2_rps1,Ta08,rps1,Mt,2,1,1,137.9757085,22.99595142
Ta-6X,6,Ta09_T1_S1_PC2_rps1,Ta09,rps1,Mt,2,1,1,147.2924188,24.54873647
Ta-6X,6,Ta10_T1_S1_PC2_rps1,Ta10,rps1,Mt,2,1,1,140.625,23.4375
Tt-4X,4,Tt01_T1_S1_PC2_rps1,Tt01,rps1,Mt,2,1,1,160.6751055,40.16877638
Tt-4X,4,Tt02_T1_S1_PC2_rps1,Tt02,rps1,Mt,2,1,1,176.4102564,44.1025641
Tt-4X,4,Tt03_T1_S1_PC2_rps1,Tt03,rps1,Mt,2,1,1,133.6645963,33.41614908
Tt-4X,4,Tt04_T1_S1_PC2_rps1,Tt04,rps1,Mt,2,1,1,131.6226415,32.90566038
Tt-4X,4,Tt05_T1_S1_PC2_rps1,Tt05,rps1,Mt,2,1,1,167.6190476,41.9047619
Tt-4X,4,Tt06_T1_S1_PC2_rps1,Tt06,rps1,Mt,2,1,1,160,40
Tt-4X,4,Tt07_T1_S1_PC2_rps1,Tt07,rps1,Mt,2,1,1,151.2087912,37.8021978
Tt-4X,4,Tt08_T1_S1_PC2_rps1,Tt08,rps1,Mt,2,1,1,134.5848375,33.64620938
Tt-4X,4,Tt09_T1_S1_PC2_rps1,Tt09,rps1,Mt,2,1,1,150.3225806,37.58064515
Tt-4X,4,Tt10_T1_S1_PC2_rps1,Tt10,rps1,Mt,2,1,1,168.5106383,42.12765958
Tu-2X,2,Tu01_T1_S1_PC2_rps1,Tu01,rps1,Mt,2,1,1,57.70491803,28.85245902
Tu-2X,2,Tu03_T1_S1_PC2_rps1,Tu03,rps1,Mt,2,1,1,57.33905579,28.6695279
Tu-2X,2,Tu04_T1_S1_PC2_rps1,Tu04,rps1,Mt,2,1,1,40.85106383,20.42553192
Tu-2X,2,Tu06_T1_S1_PC2_rps1,Tu06,rps1,Mt,2,1,1,68.84848485,34.42424243
Tu-2X,2,Tu09_T1_S1_PC2_rps1,Tu09,rps1,Mt,2,1,1,53.04659498,26.52329749
Tu-2X,2,Tu11_T1_S1_PC2_rps1,Tu11,rps1,Mt,2,1,1,84.18300654,42.09150327
Tu-2X,2,Tu12_T1_S1_PC2_rps1,Tu12,rps1,Mt,2,1,1,57.9047619,28.95238095